Column1,Column2
you , U
you see , UZ
you had , UD
you go , UG
you got , UGD
you got , UGDZ
you get , UGT
you got , UGTD
you will , UL
you will see , ULZ
you would , ULD
You would , ULDZ
you also , ULS
you would , ULTD
you would , ULGD
you thought , ULGT
you that , ULGTS
you know , UB
you receive , UBZ
you could , UBD
you can , UBG
you can see , UBGZ
you could , UBGD
you could , UBGDZ
you can say , UBGS
you can see , UBGSZ
you could , UBGSD
you and , UBGT
you could , UBGTD
you believe , UBL
you believed , UBLD
you believe so , UBLS
you will be able to , UBLT
you cannot , UBLG
you could , UBLGD
you cannot , UBLGS
you said , UPD
you want , UPT
you wanted , UPTD
you think , UPG
you and , UPGS
you said , UPLD
you must , UPLS
you might , UPLT
you might , UPLTD
you thought , UPLGT
you know , UPB
you understand , UPBD
you know the , UPBT
you think , UPBG
you think so , UPBGS
you know , UPBL
you come , UPBLG
you are , UR
you read , URD
you are the , URT
you agree , URG
you agreed , URGD
you disagree , URGS
you recall , URL
you realize , URLZ
you recalled , URLD
you are also , URLS
you should , URBD
you shouldn't , URBTD
you work , URBG
you recognize , URBGZ
you worked , URBGD
you should , URBLD
you were , URP
you did , URPS
you were the , URPT
you did , URPTS
you won't , URPGS
you remember , URPL
You said , URPLD
you did , URPLS
you did not , URPLSZ
you do , URPLGS
you did not , URPLGSZ
you are not , URPBT
you do , URPBGS
you now , URPBLS
you did not , URPBLSZ
you do , URPBLGS
you have , UF
you saw , UFZ
you have had , UFD
you wasn't , UFSZ
you have the , UFT
you testified , UFTD
you went , UFG
you feel , UFL
you would have , UFLD
you felt , UFLT
you have been , UFB
you received , UFBZ
you haven't , UFBT
you have been , UFBG
you said , UFPD
you hadn't , UFPT
you haven't , UFPTD
you might , UFPLTD
you have not , UFPB
you have not seen , UFPBZ
you find , UFPBD
you haven't , UFPBT
you haven't , UFPBTZ
You haven't , UFPBGT
you haven't , UFPBLT
you have , UFR
you first , UFRS
you first , UFRSZ
you testified earlier , UFRTD
you went , UFRG
you went to , UFRGT
you went to the , UFRGTD
you went to , UFRGTS
you feel , UFRL
you need , UFRB
you needed , UFRBD
you need to , UFRBT
you needed to do , UFRBTD
you needed , UFRPD
you were , UFRPL
you understood , UFRPLG
you haven't , UFRPBT
you haven't , UFRPBTD
you haven't , UFRPBTS
you haven't , UFRPBLT
you haven't , UFRPBLTD
you haven't , UFRPBLTS
I told you , EUFPBGS
you understood , EUFRPLG
you see that , *UZ
you did , *UD
you say , *US
you to , *UT
you to do , *UTD
you go to , *UGT
you go to the , *UGTD
you wouldn't , *ULD
you also , *ULS
you wouldn't , *ULTD
you will go , *ULG
you received , *UBZ
you received , *UBSZ
you couldn't , *UBGD
you can't , *UBGT
you couldn't , *UBGTD
you would be , *UBLD
you wouldn't be , *UBLTD
you keep , *UPG
you mean , *UPL
you must , *UPLS
you wouldn't , *UPLTD
you may not , *UPLG
you mentioned , *UPBGS
you just , *UPBL
you just , *UPBLG
you remember , *UR
you read , *URD
you agree , *URG
you really , *URL
you should , *URBD
you shouldn't , *URBT
you shouldn't , *URBTD
you worked , *URBGD
you said , *URPD
you weren't , *URPT
you didn't , *URPLS
you are not , *URPBT
you just , *URPBLG
you don't , *URPBLGS
you have seen , *UFZ
you give , *UFG
you said , *UFPT
you must have , *UFPLS
you knew , *UFPB
you found , *UFPBD
you ever , *UFR
you needed , *UFRBD
you need to have , *UFRBT
you need to do , *UFRBTD
you review , *UFRP
you reviewed , *UFRPD
you reviewed the , *UFRPTD
you never , *UFRPB
you haven't , *UFRPBTS
you , OU
on you , OUPB
of you , OUFR
on you , O*UPB
of you , O*UFR
you a , AU
you see a , AUZ
you were a , AURP
you have a , A*UF
your , AOU
you'd , AOUD
youth , AOUTSDZ
you'll , AOUL
you'd , AOULD
your , AOUR
your , AOURD
yours , AOURS
yourselves , AOURSZ
your , AOURT
your , AOURTD
your , AOURG
your , AOURGT
your , AOURL
your , AOURLT
your , AOURB
your , AOURP
your , AOURPD
your , AOURPL
your , AOURPB
your analysis , AOURPBLZ
your knowledge , AOURPBLG
you've , AOUF
your , AOUFR
your , AOUFRP
your full name , AOUFRPB
your , AOEUR
you've , AO*U
"{,?}you know{,?} ", AO*UB
"{,?}you know{,?} ", AO*UPB
your , AO*UR
you've , AO*UF
you've had , AO*UFD
you've been , AO*UFB
you've , AO*UFR
are you , RU
are you , RUL
are you also , RULS
are you able , RUBL
are you able to , RUBLT
are you able to , RUBLTD
are you , RUP
are you not , RUPBT
are you able to , RUPBLT
are you working , RURBGDZ
are you prepared , RURPD
are you asking , RURPGSZ
are you referring to , RUFRGT
are you able to , REUBLT
are your , R*RBG
are you the , R*UT
are you the , R*UTD
are you able to see , R*ULTS
are you able to tell , R*UBLTD
are you able to see , R*UBLTS
are you just , R*UPBLG
are you there , R*URT
are you prepared , R*URPD
are you ever , R*UFR
are you familiar , RAFPL
are you familiar , RAUFPL
are you aware of , RAUFR
are you aware of any , RAUFRSZ
are you aware of , RAEFR
are you aware of that , RAEFRLGTS
are you a , RA*U
are your , RAO*UR
had you , HU
had you seen , HUZ
had you had , HUD
help you , HUP
had you seen , HUFZ
had you ever , HUFR
had you ever had , HUFRD
had you ever been , HUFRB
had you seen , H*UZ
had you received , H*UBZ
help you , H*UP
had you ever , H*UR
had you seen , H*UFZ
had you ever , H*UFR
had you ever seen , H*UFRZ
had you ever had , H*UFRD
had you ever been , H*UFRB
had you reviewed , H*UFRPD
how you got , HOUGD
how you're , HOUFRD
how did you , HO*UD
how were you , HO*URP
had you ever had , HO*UFRD
you had a , HAUD
had you been , HAUB
had you been , HA*UB
had you ever had , HA*UFRD
your , HAOUR
how you , HAO*U
how do you , HAO*UD
how do you know , HAO*UPB
how do you think , HAO*UPBG
how are you , HAO*UR
will you , HRU
will you say , HRUS
let you , HRUT
will you tell us , HRUTS
will you be , HRUB
will you believe , HRUBL
will you be able to , HRUBLT
will you ask , HRUPGS
will you tell me , HRUPLT
will you do , HRURPBLS
will you do , HRURPBLGS
will you have , HRUF
will you feel , HRUFL
had you ever , HRUFR
let you , HR*UT
will you go , HR*UG
will you go to , HR*UGT
will you please , HR*UP
will you understand , HR*UPBD
will you just , HR*UPBLG
will you agree , HR*URG
will you have , HR*UF
layout , HRA*EUT
layouts , HRA*EUTS
with you , WU
\wud\you had with , WUD
with you , WUL
when you said , WUPD
where you , WUR
with your , W*RBG
when you found , W*UFPBD
would you , WOU
would you see her , WOUZ
would you say , WOUS
would you tell us , WOUTS
would you go , WOUG
would you say , WOUGS
would you get , WOUGT
would you , WOUL
would you also , WOULS
would you be , WOUB
would you receive , WOUBZ
would you be the , WOUBT
would you believe , WOUBL
would you be able to , WOUBLT
would you please , WOUP
would you speak , WOUPS
would you please , WOUPSZ
would you ask , WOUPGS
would you tell me , WOUPLT
would you know , WOUPB
would you not , WOUPBT
would you think , WOUPBG
would you agree , WOURG
would you recall , WOURL
would you recognize , WOURBGZ
would you do , WOURPBLGS
would you have , WOUF
would you have had , WOUFD
would you feel , WOUFL
would you have been , WOUFB
would you ever , WOUFR
would you need , WOUFRB
would you need to , WOUFRBT
would your , WO*RBG
would you tell , WO*UT
would you go to , WO*UGT
would you go to the , WO*UGTD
would you please , WO*UP
would you just , WO*UPBLG
would you agree , WO*URG
would you agree , WO*URL
would your , WO*URBG
would you ever , WO*UFR
would you observe , WO*UFRB
would you review , WO*UFRP
was your , WA*RBG
would you , WAOU
would you say , WAOUS
with your , WAOUR
with your , WAOURP
with your , WAO*UR
where you're , WR-FRD
where you , WRU
where you see , WRUZ
where you had , WRUD
where you say , WRUS
were you the , WRUT
where you go , WRUG
where you got , WRUGD
where you got , WRUGT
were you , WRUL
where you would , WRULD
were you also , WRULS
where you thought , WRULGT
where you had been , WRUBD
where you can , WRUBG
where you can see , WRUBGZ
where you could , WRUBGD
where you believe , WRUBL
were you able to , WRUBLT
were you able to , WRUBLTD
where you said , WRUPD
where you want , WRUPT
where you and , WRUPGS
where you know , WRUPB
were you not , WRUPBT
where you come , WRUPBLG
where you are , WRUR
where you are the , WRURT
where you recall , WRURL
where you should , WRURBD
where you worked , WRURBGD
where you were , WRURP
where you did , WRURPLS
where you did not , WRURPLSZ
where you do , WRURPBLGS
where you have , WRUF
where you saw , WRUFZ
where you feel , WRUFL
where you felt , WRUFLT
where you hadn't , WRUFPT
were you ever , WRUFR
where you first , WRUFRS
where you went , WRUFRG
where you needed , WRUFRBD
where you need to , WRUFRBT
where you understood , WRUFRPL
where were you , WR*RP
where did you , WR*U
where did you see , WR*UZ
where did you , WR*UD
where did you go , WR*UG
where you go to , WR*UGT
where you go to the , WR*UGTD
where you would , WR*ULD
where you wouldn't , WR*ULTD
where you couldn't , WR*UBGTD
where are you , WR*UR
were you there , WR*URT
where were you , WR*URP
where you weren't , WR*URPT
where you didn't , WR*URPLS
where you didn't , WR*URPLTS
where you don't , WR*URPBLGS
where you saw , WR*UFZ
where did you live , WR*UFL
where did you live , WR*UFLD
where you found , WR*UFPBD
where you ever , WR*UFR
where did you get , WR*EUGT
would you , WROU
would you have , WROUF
would you agree with that , WRAT
where you thought , WRAULGT
where you can , WRAUBG
were you a , WRA*U
where your , WRAOUR
where do you , WRAO*U
where do you live , WRAO*UL
where do you think , WRAO*UPBG
where you're , WRAO*UR
where you've , WRAO*UF
when you're , WH-FRD
when you're , WH-FRDZ
when you , WHU
when you see , WHUZ
when you had , WHUD
when you say , WHUS
when you go , WHUG
when you go see , WHUGZ
when you got , WHUGD
when you say , WHUGS
when you get , WHUGT
when you got , WHUGTD
when you will , WHUL
when you would , WHULD
when you say , WHULGS
when you thought , WHULGT
when you , WHUB
when you receive , WHUBZ
when you can , WHUBG
when you can see , WHUBGZ
when you could , WHUBGD
when you believe , WHUBL
when you believed , WHUBLD
when you said , WHUPD
when you want , WHUPT
when you wanted , WHUPTD
when you ask , WHUPGS
when you did , WHUPLS
when you meant , WHUPLT
when you know , WHUPB
when you think , WHUPBG
when you come , WHUPBLG
when you are , WHUR
when you are the , WHURT
when you went , WHURG
when you recall , WHURL
when you should , WHURBD
when you worked , WHURBGD
when you talked , WHURBGTD
when you were , WHURP
when you were , WHURPL
when you did , WHURPLS
when you did not , WHURPLSZ
when you weren't , WHURPBT
when you do , WHURPBLGS
when you have , WHUF
when you saw , WHUFZ
when you have had , WHUFD
when you say , WHUFS
when you saw , WHUFSZ
when you testified , WHUFTD
when you feel , WHUFL
when you felt , WHUFLT
when you have been , WHUFB
when you received , WHUFBSZ
when you hadn't , WHUFPT
when you find , WHUFPBD
when you first , WHUFRZ
when you first , WHUFRS
when you went , WHUFRG
when you went to , WHUFRGT
when you went to the , WHUFRGTD
when you need , WHUFRB
when you observed , WHUFRBD
when you need to , WHUFRBT
when you needed , WHUFRBTD
when you were , WHUFRP
when you understood , WHUFRPD
when you understood , WHUFRPL
when you haven't , WHUFRPBTS
when you were , WHEURP
when your , WH*RBG
when were you , WH*RP
when did you , WH*U
when did you see , WH*UZ
when did you , WH*UD
when did you say , WH*US
when did you tell , WH*UT
when did you go , WH*UG
when you go to , WH*UGT
when you go to the , WH*UGTD
when you received , WH*UBZ
when you received , WH*UBSZ
when you couldn't , WH*UBGTD
when you said , WH*UPD
when did you think , WH*UPBG
when you mentioned , WH*UPBGS
when you just , WH*UPBLG
when did you do , WH*UPBLGS
when were you , WH*URP
when you weren't , WH*URPT
when you didn't , WH*URPLS
when you don't , WH*URPBLGS
when you give , WH*UFG
when you knew , WH*UFPB
when you found , WH*UFPBD
when you first , WH*UFRZ
when did you first , WH*UFRS
when you need , WH*UFRB
when you review , WH*UFRP
when you reviewed , WH*UFRPD
when you found , WH*UFRPBD
who you , WHOU
who you would , WHOULD
who you thought , WHOULGT
would you believe , WHOUBL
who you believed , WHOUBLD
who you said , WHOUPD
what you spoke , WHOUPS
who you ask , WHOUPGS
who you know , WHOUPB
who you think , WHOUPBG
who you are , WHOUR
who you recall , WHOURL
who you talked , WHOURBGTD
who you were , WHOURP
who you did , WHOURPLS
who you saw , WHOUFZ
who you hadn't , WHOUFPT
who did you , WHO*D
who did you , WHO*U
who did you , WHO*UD
what you're , WHAFRD
what you , WHAU
what you see , WHAUZ
what you had , WHAUD
what you say , WHAUS
what you see , WHAUSZ
what you tell , WHAUT
what you got , WHAUGD
what you get , WHAUGT
what you will , WHAUL
what you would , WHAULD
what you say , WHAULS
what you thought , WHAULGT
what you can , WHAUBG
what you can see , WHAUBGZ
what you could , WHAUBGD
what you believe , WHAUBL
what you believed , WHAUBLD
what you , WHAUP
what you said , WHAUPD
what you want , WHAUPT
what you wanted , WHAUPTD
what you mean , WHAUPL
what you said , WHAUPLD
what you meant , WHAUPLT
what you said , WHAUPLTD
what you know , WHAUPB
what you understand , WHAUPBD
what you think , WHAUPBG
what you believe , WHAUPBL
what you are , WHAUR
what you recall , WHAURL
what you should , WHAURBD
what you recollect , WHAURBG
what you were , WHAURP
what you were , WHAURPL
what you did , WHAURPLS
what you did not , WHAURPLSZ
what is your name , WHAURPB
what you do , WHAURPBLGS
what you have , WHAUF
what you saw , WHAUFZ
what you have had , WHAUFD
what you feel , WHAUFL
what you felt , WHAUFLT
what you have been , WHAUFB
what you hadn't , WHAUFPT
what you find , WHAUFPBD
what you saw , WHAUFRZ
what you first , WHAUFRS
when you went , WHAUFRG
what you need , WHAUFRB
what you observed , WHAUFRBD
what you need to , WHAUFRBT
what you need to do , WHAUFRBTD
what you were , WHAUFRP
what your , WHA*RBG
what did you , WHA*U
what did you see , WHA*UZ
what did you do , WHA*UD
what did you say , WHA*US
what would you , WHA*ULD
what you received , WHA*UBZ
what you can't , WHA*UBGT
what you said , WHA*UPD
what you mean , WHA*UPL
what you must , WHA*UPLS
what you just , WHA*UPBLG
what you remember , WHA*UR
what is your , WHA*URS
what were you , WHA*URP
what you didn't , WHA*URPLS
what you just , WHA*URPBLG
what you don't , WHA*URPBLGS
what have you , WHA*UF
what you knew , WHA*UFPB
what you found , WHA*UFPBD
what did you observe , WHA*UFRB
what you observed , WHA*UFRBD
what you reviewed , WHA*UFRPD
what did he tell you , WHA*ET
what your , WHAOUR
what is your , WHAOURS
what's your , WHAOURTS
what is your name , WHAOURPL
what is your name , WHAOURPB
what you understood , WHAOURPBDZ
while you were , WHAOEURPL
while you were , WHAOEURPLT
what do you , WHAO*U
what do you mean , WHAO*UPL
what you're , WHAO*UR
what is your , WHAO*URZ
what is your , WHAO*URS
when you've , WHAO*UF
while you were a , WHAO*EURPL
whether you're , WHR-FRD
whether you'll , WHR-FRLD
whether you , WHRU
whether you had , WHRUD
when you say , WHRUS
when you got , WHRUGD
whether you wanted , WHRUPTD
whether you recall , WHRURL
when you were , WHRURP
whether you saw , WHRUFZ
when you went , WHRUFRG
when you were , WHRUFRP
what you , WHRAU
what you got , WHRAUGD
what you get , WHRAUGT
what you , WHRAUL
what you can see , WHRAUBGZ
what you believe , WHRAUBL
what you said , WHRAUPD
what you mean , WHRAUPL
what you think , WHRAUPBG
what you recall , WHRAURL
what you did , WHRAURPLS
what you do , WHRAURPBLGS
what you first , WHRAUFRS
what you just , WHRA*UPBLG
what you remember , WHRA*UR
while you were , WHRAOEURPL
were you , PRU
were you the , PRUT
were you also , PRULS
were you able , PRUBL
were you able to , PRUBLT
were you not , PRUPBT
where you did , PRURPLS
were your , PR*RBG
where were you  , PR*RP
were you just , PR*UPBLG
were  you there , PR*URT
were you reading , PR*URGD
were your , PR*URBG
were you ever , PR*UFR
were you a , PRAU
many of you , PH*UF
you may answer , PHAEUPBZ
you may answer , PHA*EPBZ
you may answer , PHA*EUPBZ
many of you , PHAOUF
you may answer , PHRA*EUPBZ
but you hadn't , PWUFPT
beg your pardon , PWERP
about your , PW*RBG
about you , PW*U
but you didn't , PW*URPLS
by your , PW*EURBG
buyout , PWO*UT
best of your ability , PWABLT
about your , PWAOUR
best of your ability , PWAOURBLT
about your , PWAOURP
buyout , PWAO*EUT
by your , PWAO*EURBG
before you , PWRU
before you see , PWRUZ
before you had , PWRUD
before you go , PWRUG
before you got , PWRUGD
before you get , PWRUGT
where you would , PWRULD
before you can , PWRUBG
before you could , PWRUBGD
before you said , PWRUPD
before you ask , PWRUPGS
before you answer , PWRUPBS
before you came , PWRUPBLG
before you recall , PWRURL
before you were , PWRURP
before you did , PWRURPLS
before you do , PWRURPBLGS
before you have , PWRUF
before you saw , PWRUFZ
before you have had , PWRUFD
before you went , PWRUFRG
before you went to , PWRUFRGT
before your , PWR*RBG
before you , PWR*U
before you got , PWR*UGD
before you would , PWR*ULD
after you received , PWR*UBZ
before you asked , PWR*UPGS
before you saw , PWR*UFZ
before you knew , PWR*UFPB
before you found , PWR*UFPBD
before you ever , PWR*UFR
before your , PWRAOUR
before your , PWRAO*UR
when you , PWHU
when you were , PWHURP
when you have , PWHUF
when you feel , PWHUFL
about how you were , PWHOURP
what you , PWHAU
can you , KU
can you see , KUZ
can you say , KUS
can you tell , KUTD
can you tell us , KUTSZ
can you go , KUG
can you be , KUB
can you describe , KUBZ
can you believe , KUBL
can you please , KUPSZ
can you tell me , KUPLT
can you tell me , KUPLTS
can you understand , KUPBD
can you think , KUPBG
can you recollect , KURBG
can you do , KURBLGS
can you do , KURPBLG
can you do , KURPBLGS
can you feel , KUFL
can you find , KUFPBD
can you first , KUFRZ
can you tell , K*UT
can you tell us , K*UTS
call you , K*UL
can you also , K*ULS
can you be , K*UB
can you please , K*UP
can you just , K*UPBLG
can you remember , K*UR
can you recall , K*URL
can you just , K*URPBLG
did you ever , K*UFR
can you review , K*UFRP
can you tell us , K*EUTS
could you , KOU
could you see , KOUZ
could you say , KOUS
could you tell , KOUT
could you tell us , KOUTS
could you tell us , KOUTSZ
could you go , KOUG
could you also , KOULS
could you tell , KOULTD
could you be , KOUB
could you describe , KOUBZ
could you please , KOUPS
could you please , KOUPSZ
could you tell me , KOUPLT
could you think , KOUPBG
could you remember , KOUR
could you recognize , KOURBGZ
could you do , KOURPBLGS
could you have , KOUF
could you feel , KOUFL
could you tell , KO*UT
could you tell us , KO*UTS
could you go to , KO*UGT
could you go to , KO*UGTD
could you please , KO*UP
could you just , KO*UPBLG
could you review , KO*UFRP
can you be , KAUB
you can answer , KAURPBZ
you can answer the question , KA*RPBSZ
do you think , KAOUPBG
do you recall , KAOURL
do you have , KAOUF
do you have , KAOUFR
do you remember , KAO*UR
you're , KRAOUR
you're , KRAOURP
which you're , KH-FRD
which you'll , KH-FRLD
which you , KHU
which you see , KHUZ
which you had , KHUD
which you say , KHUS
which you go , KHUG
which you got , KHUGD
which you will see , KHULZ
which you would , KHULD
which you thought , KHULGT
which you thought , KHULGTD
which you can , KHUBG
which you believe , KHUBL
which you believed , KHUBLD
which you said , KHUPD
which you said , KHUPDZ
which you mean , KHUPL
which you know , KHUPB
which you think , KHUPBG
which you were , KHURP
which you did , KHURPLS
which you did not , KHURPLSZ
which you do , KHURPBLGS
which you have , KHUF
which you saw , KHUFZ
which you have had , KHUFD
which you feel , KHUFL
which you felt , KHUFLT
which you have been , KHUFB
which you hadn't , KHUFPT
which you haven't , KHUFPBT
which you did , KHUFRPLS
which you couldn't , KH*UBGTD
which you are , KH*UR
can you hear me , KHAOERPL
can you , KWU
can you tell me , KWUPLT
you're , KWO*UR
you're , KWAOUR
according to your , KWAO*RBG
you're , KWAO*UR
young , KWR-PBG
you can respond , KWR-RBG
youth , KWRUTSDZ
why you got , KWRUGD
why couldn't you describe , KWRUBZ
why you believe , KWRUBL
why you believed , KWRUBLD
why you cannot , KWRUBLG
young , KWRUPG
young , KWRUPGS
young , KWRUPBG
Youngs , KWRUPBGS
youngest , KWRUPBGT
youngest , KWRUPBLGT
yourself , KWRURS
yourselves , KWRURSZ
yourself , KWRURGS
yourself , KWRURBS
why you were , KWRURP
young , KWRURPG
why you did , KWRURPLS
why you did not , KWRURPLSZ
your Honor , KWRURPBZ
younger , KWRURPBG
why you do , KWRURPBLGS
why you hadn't , KWRUFPT
yourself , KWRUFRS
why you went , KWRUFRG
why did you , KWR*D
your question , KWR*FP
your question is , KWR*FPS
why you , KWR*U
why did you , KWR*UD
I couldn't tell you , KWR*UT
why you got , KWR*UGD
why you would , KWR*ULD
why you believe , KWR*UBL
why you cannot , KWR*UBLG
why you wanted , KWR*UPTD
why you think , KWR*UPBG
why you didn't , KWR*URPLS
young , KWROPBG
youth , KWROUTDZ
youth , KWROUTSDZ
Yount , KWROUPBT
Younts , KWROUPBTS
young , KWROUPBG
you're , KWROUR
yourself , KWROURS
younger , KWROURPBG
of your , KWROEUFRB
on your , KWRO*P
on your , KWRO*PB
Young , KWRO*UPBG
you're a , KWRO*UR
you're , KWRAUR
yourself , KWRAURS
I can't tell you , KWRA*T
I can't tell you , KWRA*UT
youth , KWRAOTSDZ
you'd , KWRAOUD
youth , KWRAOUTD
youth , KWRAOUTDZ
youth , KWRAOUTSZ
youth , KWRAOUTSD
youth , KWRAOUTSDZ
you'll , KWRAOUL
you'll see , KWRAOULZ
you'd , KWRAOULD
youth , KWRAOULTSDZ
you'll , KWRAOULG
YouTube , KWRAOUBT
why do you want , KWRAOUPT
you'll , KWRAOUPL
you're , KWRAOUR
yourself , KWRAOURS
yourselves , KWRAOURSZ
you're , KWRAOURL
you're , KWRAOURB
your job , KWRAOURBS
you're , KWRAOURP
your report , KWRAOURPT
you're , KWRAOURPL
you're not , KWRAOURPBT
youthful , KWRAOUFL
you're , KWRAOUFR
of your , KWRAOEUB
of your , KWRAOEUFB
of yours , KWRAOEUFBS
of your , KWRAOEUFR
of yours , KWRAOEUFRGS
of your , KWRAOEUFRB
of yours , KWRAOEUFRBS
of your , KWRAOEUFRBG
you're , KWRAO*U
you'd , KWRAO*UD
youths , KWRAO*UTSDZ
you'll see , KWRAO*ULZ
why do you think , KWRAO*UPBG
you're , KWRAO*UR
you're the , KWRAO*URT
you've , KWRAO*UF
you've been , KWRAO*UFB
you've , KWRAO*UFR
you're , KWRAO*EUR
of your , KWRAO*EUFRB
when you , KWHU
when you would , KWHULD
you're , KWHAUR
yourself , KWHRURS
you're , KWHRAOUR
you're , KWHRAOURP
you're , KWHRAO*UR
could you tell , KPOUT
which you , KPHU
young , KPWRUPBG
did you , TU
you had the , TUD
to tell you , TUT
tell you , TUL
told you , TULD
you said the , TUPD
"you know{,}the ", TUPB
to your knowledge , TURPBLG
at your , T*RBG
at you , T*U
told you , T*ULD
did you ever , T*UFR
\to you\you to , TOU
told you , TOULD
you want to , TOUPT
you wanted to , TOUPTD
to your recollection , TOURBGS
to your recollection , TOURBGSZ
to your knowledge , TOURBLG
To your knowledge , TOURPLG
to your knowledge , TOURPBG
to your knowledge , TOURPBL
to your knowledge , TOURPBLG
you have to , TOUF
you went to , TOUFRG
you need to , TOUFRB
to your , TO*RBG
to your knowledge , TO*URPBLG
take you , TAU
take your , TA*RBG
to you , TAOU
do you see , TAOUZ
do you know , TAOUP
do you want , TAOUPT
to your , TAOUR
do you recall , TAOURL
to your recollection , TAOURBGS
to your knowledge , TAOURPBG
to your knowledge , TAOURPBL
to your knowledge , TAOURPBLG
do you have , TAOUF
do you feel , TAOUFL
at your , TAO*U
at your , TAO*UR
to your recollection , TAO*URBGS
to your knowledge , TAO*URPBLG
thank you , THUPG
thank you , THUPBG
that you received , TH*UBZ
this you must , TH*UPLS
thank you{.} , TH*UPBG
that you observed , THO*UFRBD
that you're , THAFRD
that you're , THAFRDZ
that you , THAU
that you see , THAUZ
that you had , THAUD
that you had , THAUDZ
that you say , THAUS
that you go , THAUG
that you got , THAUGD
that you get , THAUGT
that you will , THAUL
that you would , THAULD
that you also , THAULS
that you thought , THAULGT
that you thought , THAULGTS
that you be , THAUB
that you receive , THAUBZ
that you received , THAUBSZ
that you can , THAUBG
that you can see , THAUBGZ
that you could , THAUBGD
that you believe , THAUBL
that you believed , THAUBLD
that you cannot , THAUBLG
that you , THAUP
that you said , THAUPD
that you want , THAUPT
that you wanted , THAUPTD
that you think , THAUPG
that you got , THAUPGD
that you ask , THAUPGS
that you must , THAUPLS
that you wanted , THAUPLTD
that you thought , THAUPLGT
that you know , THAUPB
that you understand , THAUPBD
that you answer , THAUPBS
that you think , THAUPBG
that you got , THAUPBGD
that you think , THAUPBGS
that you believe , THAUPBL
that you come , THAUPBLG
that you are , THAUR
that you read , THAURD
that you are the , THAURT
that you agree , THAURG
that you recall , THAURL
that you realize , THAURLZ
that you recalled , THAURLD
that you did , THAURLS
that you wish , THAURB
that you should , THAURBD
that you recollect , THAURBG
that you worked , THAURBGD
that you believe , THAURBL
that you are able to , THAURBLT
that you were , THAURP
that you won't , THAURPGS
that you recall , THAURPL
that you did , THAURPLS
that you did not , THAURPLSZ
that you did not , THAURPLSDZ
that you did , THAURPLTS
that you do , THAURPLGS
that you are not , THAURPBT
that you weren't , THAURPBTD
that you do , THAURPBGS
that you do , THAURPBLS
that you do , THAURPBLGS
that you do not , THAURPBLGSZ
that you have , THAUF
that you saw , THAUFZ
that you have had , THAUFD
that you feel , THAUFL
that you would have , THAUFLD
that you felt , THAUFLT
that you have been , THAUFB
that you received , THAUFBSZ
that you haven't , THAUFBT
that you hadn't , THAUFPT
that you have not , THAUFPB
that you find , THAUFPBD
that you haven't , THAUFPBT
that you think , THAUFPBG
that you have , THAUFRZ
that you first , THAUFRS
that you referred to , THAUFRTD
that you went , THAUFRG
that you went to , THAUFRGT
that you need , THAUFRB
that you needed , THAUFRBD
that you need to , THAUFRBT
that you needed to , THAUFRBTD
that you haven't , THAUFRBTS
that you were , THAUFRP
that you reviewed , THAUFRPD
that you went , THAUFRPG
that you did , THAUFRPLS
that you did not , THAUFRPLSZ
that you haven't , THAUFRPBT
that you haven't , THAUFRPBTD
that you received , THA*BZ
that your , THA*RBG
that you weren't , THA*RPT
that you did , THA*UD
that you say , THA*US
that you go to , THA*UGT
that you go to the , THA*UGTD
that you wouldn't , THA*ULTD
that you received , THA*UBZ
that you received , THA*UBDZ
that you received , THA*UBSZ
that you couldn't , THA*UBGD
that you can't , THA*UBGT
that you couldn't , THA*UBGTD
that you asked , THA*UPGS
that you must , THA*UPLS
that you mentioned , THA*UPBGS
that you just , THA*UPBLG
that you remember , THA*UR
that you read , THA*URD
that you really , THA*URL
that you wish , THA*URB
that you should , THA*URBD
that you shouldn't , THA*URBTD
that you worked , THA*URBGD
that you weren't , THA*URPT
that you didn't , THA*URPL
that you didn't , THA*URPLS
that you didn't , THA*URPLGS
that you don't , THA*URPBLGS
that you don't , THA*URPBLGSZ
that you have , THA*UF
that you have seen , THA*UFZ
that you knew , THA*UFPB
that you found , THA*UFPBD
that you found , THA*UFPBTD
that you ever , THA*UFR
that you ever had , THA*UFRD
that you observed , THA*UFRBD
that you review , THA*UFRP
that you reviewed , THA*UFRPD
that you didn't , THA*UFRPLS
that you never , THA*UFRPB
that you found , THA*UFRPBD
that you found , THA*UFRPBTD
that you went , THA*UFRPBG
that your , THAOUR
that your , THAO*UR
that you've , THAO*UF
thank you very much , THAO*UFP
there you go , THRUG
thank you , THRUPBG
that you had , THRAUD
that you got , THRAUGD
that you will , THRAUL
that you would , THRAULD
that you could , THRAUBGD
that you believe , THRAUBL
that you said , THRAUPD
that you want , THRAUPT
that you are , THRAUR
that you should , THRAURBD
that you were , THRAURP
that you did , THRAURPLS
that you have , THRAUF
that your , THRA*RBG
that you remember , THRA*UR
two of you , TWOUF
two of you , TWOUFR
were you the , TWRU
when you , TWHU
when you say , TWHUS
when you said , TWHUPD
when you are , TWHUR
when you were , TWHURP
when you do , TWHURPBGS
when you reviewed , TWH*UFRPD
when you went to , TWHOUFRG
what you , TWHAU
what you say , TWHAUS
while you were , TWHAOEURPL
when you , TWHRU
what would you  , TWHRA*ULD
if you're , TP-FRD
if you'll , TP-FRLD
if you , TPU
if you see , TPUZ
if you had , TPUD
if you say , TPUS
if you tell us , TPUTS
if you go , TPUG
if you got , TPUGD
if you get , TPUGT
if you would , TPULD
if you would , TPULTD
if you thought , TPULGT
if you receive , TPUBZ
if you can , TPUBG
if you can see , TPUBGZ
if you could , TPUBGD
if you can tell us , TPUBGTS
if you believe , TPUBL
if you believed , TPUBLD
if you cannot , TPUBLG
if you cannot , TPUBLGS
if you can't , TPUBLGT
if you , TPUP
if you said , TPUPD
if you please , TPUPSZ
if you want , TPUPT
if you wanted , TPUPTD
if you think , TPUPG
if you said , TPUPLD
if you answer , TPUPBS
if you think , TPUPBG
if you are , TPUR
if you recall , TPURL
if you wish , TPURB
if you should , TPURBD
if you work , TPURBG
if you recognize , TPURBGZ
if you worked , TPURBGD
if you recognize , TPURBGDZ
if you recollect , TPURBGT
if you talked , TPURBGTD
if you able to , TPURBLT
if you were , TPURP
if you don't , TPURPS
if you were to , TPURPT
if you don't , TPURPGS
if you did , TPURPLS
if you did not , TPURPLSZ
if you do , TPURPBLGS
if you do not , TPURPBLGSZ
if you have , TPUF
if you saw , TPUFZ
if you saw , TPUFDZ
if you feel , TPUFL
if you felt , TPUFLT
if you have been , TPUFB
if you hadn't , TPUFPT
if you find , TPUFPBD
if you haven't , TPUFPBT
if you ever had , TPUFRD
if you went , TPUFRG
if you went to , TPUFRGT
if you need , TPUFRB
if you needed , TPUFRBD
if you need to , TPUFRBT
if you needed to , TPUFRBTD
If you need to , TPUFRBGT
if you need , TPUFRPB
if you haven't , TPUFRPBT
if your , TP*RBG
if you go to , TP*UGT
if you go to the , TP*UGTD
if you will , TP*UL
if you wouldn't , TP*ULTD
if you go to the , TP*ULGT
if you go to the , TP*ULGTD
if you received , TP*UBZ
if you understand , TP*UBD
if you can , TP*UBG
if you can answer , TP*UBGZ
if you can answer , TP*UBGSZ
if you can't , TP*UBGT
if you couldn't , TP*UBGTD
if you want to , TP*UPT
if you mean , TP*UPL
if you know , TP*UPB
if you understand , TP*UPBD
if you just , TP*UPBLG
if you remember , TP*UR
if you agree , TP*URG
if you talk to , TP*URBGT
if you talked to , TP*URBGTD
if you weren't , TP*URPT
if you didn't , TP*URPLS
if you weren't , TP*URPBT
if you don't , TP*URPBGS
if you don't , TP*URPBGSZ
if you don't , TP*URPBLGS
if you don't , TP*URPBLGSZ
if you don't , TP*URPBLGTSZ
if you have , TP*UF
if you have seen , TP*UFZ
if you have had , TP*UFD
if you give , TP*UFG
if you have time , TP*UFPLT
if you knew , TP*UFPB
if you found , TP*UFPBD
if you ever , TP*UFR
if you observed , TP*UFRBD
if you review , TP*UFRP
if you reviewed , TP*UFRPD
if you didn't , TP*UFRPLS
if you never , TP*UFRPB
if you don't , TP*UFRPBLGSZ
if you can answer , TP*EUBGSZ
if you want to , TPOUPT
if you recognize , TPOURBGZ
if you recognize , TPOEURBGZ
for your , TPO*RBG
if you need a , TPAUFRB
"{,?}if you know{,?} ", TPAO*UPB
if you're , TPAO*UR
if you've , TPAO*UF
from you , TPRU
refresh your recollection , TPRURBGS
from your , TPR*RBG
for you , TPR*U
in front of you , TPROUF
in front of you , TPROUFD
for you , TPRO*U
from your , TPRAOUR
for your , TPRAO*U
for your , TPRAO*UR
in your opinion , TPHURP
in your , TPH*RBG
in you , TPH*U
that you did not , TPHAURPLSZ
that you didn't , TPHA*URPLS
that you reviewed , TPHA*UFRPD
in your , TPHAOUR
in your opinion , TPHAOURP
in your mind , TPHAOURPLD
in your , TPHAO*UR
in your view , TPHAO*UFRB
in your opinion , TPHRURP
in front of you , TPHROUF
in your , TPHRAOUR
before you , TPWRU
did you find , TK-FPBD
did you , TKU
did you see , TKUZ
did you say , TKUS
did you discuss , TKUSZ
did you tell , TKUT
did you tell , TKUTD
did you tell us , TKUTS
did you go , TKUG
did you go see , TKUGZ
did you get , TKUGD
did you get , TKUGT
did you get , TKUGTD
did you , TKULD
did you also , TKULS
did you tell , TKULT
did you get , TKULGT
did you receive , TKUBZ
did you believe , TKUBL
did you , TKUP
did you speak , TKUPS
did you want , TKUPT
did you go , TKUPG
did you ask , TKUPGS
did you also , TKUPLS
did you tell me , TKUPLT
did you know , TKUPB
did you understand , TKUPBD
did you not , TKUPBT
did you understand , TKUPBTD
did you notice , TKUPBTS
did you think , TKUPBG
did you think so , TKUPBGS
did you know , TKUPBL
did you come , TKUPBLG
did you recall , TKURL
did you realize , TKURLZ
did you receive , TKURBZ
did you work , TKURBG
did you recognize , TKURBGZ
did you talk , TKURBGT
did you do , TKURBLGS
did you remember , TKURPL
did you do , TKURPLS
did you do , TKURPLGS
did you do , TKURPBGS
did you do , TKURPBLS
did you do , TKURPBLTS
did you do , TKURPBLGD
did you do , TKURPBLGS
did you do , TKURPBLGTS
did you have , TKUF
did you find , TKUFD
did you have any , TKUFSZ
did you feel , TKUFL
did you have , TKUFP
did you find , TKUFPBD
did you ever , TKUFR
did you first , TKUFRS
did you feel , TKUFRL
did you need , TKUFRB
did you need to , TKUFRBT
did you do , TKUFRPLS
did you find , TKUFRPBD
did your , TK*RBG
did you do , TK*UD
did you ask , TK*UGS
did you go to , TK*UGT
did you go to the , TK*UGTD
did you go to the , TK*ULGTD
did you receive , TK*UBZ
did you receive , TK*UBS
did you expect , TK*UP
did you mean , TK*UPL
did you just , TK*UPBLG
did you remember , TK*UR
did you recognize , TK*URZ
did you read , TK*URD
did you agree , TK*URG
did you go to , TK*URGTD
did she tell you , TK*URBT
did you talk , TK*URBG
did you talk to , TK*URBGT
did you review , TK*URP
did you do , TK*URPBLGS
did you have any , TK*UFSZ
did you give , TK*UFG
did you live , TK*UFL
did you have an , TK*UFPB
did you find , TK*UFPBD
did you ever , TK*UFR
did you ever see , TK*UFRZ
did you ever see , TK*UFRDZ
did you ever have any , TK*UFRSZ
did you ever tell , TK*UFRT
did you ever go , TK*UFRG
did you ever go see , TK*UFRGZ
did you ever get , TK*UFRGT
did you go to the , TK*UFRGTD
did you ever , TK*UFRL
did you observe , TK*UFRB
did you ever receive , TK*UFRBZ
did you review , TK*UFRP
did you review , TK*UFRPD
did you review any , TK*UFRPSZ
did you review the , TK*UFRPT
did you ever think , TK*UFRPBG
did he tell you , TK*ET
do you , TKOU
do you see , TKOUZ
do you do , TKOUD
do you say , TKOUS
do you go , TKOUG
do you get , TKOUGT
do you also , TKOULS
do you receive , TKOUBZ
do you believe , TKOUBL
do you understand , TKOUPD
do you speak , TKOUPS
do you want , TKOUPT
do you mean , TKOUPL
do you think , TKOUPBG
do you reside , TKOURDZ
do you agree , TKOURG
do you disagree , TKOURGZ
do you recall , TKOURL
do you realize , TKOURLZ
do you wish , TKOURB
do you work , TKOURBG
do you recognize , TKOURBGZ
do you recognize , TKOURBGDZ
do you recognize , TKOURBGSZ
do you recognize , TKOURBGSDZ
do you recollect , TKOURBGT
do you do , TKOURPLS
do you understand , TKOURPBD
do you do , TKOURPBGS
do you do , TKOURPBLS
do you think , TKOURPBLG
do you recognize , TKOURPBLGZ
do you do , TKOURPBLGS
do you have , TKOUF
do you have any , TKOUFSZ
do you feel , TKOUFL
do you find , TKOUFPBD
do you first , TKOUFRS
do you refer to , TKOUFRT
do you agree , TKOUFRG
do you need , TKOUFRB
do you need to , TKOUFRBT
do you recognize , TKOEURBGZ
do your , TKO*RBG
do you go to , TKO*UGT
do you go to the , TKO*UGTD
do you receive , TKO*UBZ
do you receive , TKO*UBS
do you mean , TKO*UPL
do you  understand that , TKO*UPBD
do you just , TKO*UPBLG
do you remember , TKO*UR
do you recognize , TKO*URZ
do you read , TKO*URD
do you agree , TKO*URG
do you really , TKO*URL
do you understand , TKO*URPBD
do you have , TKO*UF
do you have any , TKO*UFSZ
do you live , TKO*UFL
do you ever , TKO*UFR
do you observe , TKO*UFRB
do you review , TKO*UFRP
draw your attention , TKAURPBGS
did you do , TKAURPBLGS
do you have , TKAUF
do you understand , TKAOPBD
do you see , TKAOUZ
do you see , TKAOUSZ
do you see , TKAOUTSZ
do you go , TKAOUG
do you say , TKAOUGS
do you get , TKAOUGT
do you get , TKAOUGTD
do you know , TKAOUB
do you receive , TKAOUBZ
do you believe , TKAOUBL
do you believe so , TKAOUBLS
do you believe , TKAOUBLT
do you belong , TKAOUBLG
do you know , TKAOUP
do you see , TKAOUPZ
do you want , TKAOUPT
do you think , TKAOUPG
do you mean , TKAOUPL
do you know , TKAOUPB
do you know , TKAOUPBZ
do you understand , TKAOUPBD
do you understand , TKAOUPBDZ
do you think , TKAOUPBG
do you think so , TKAOUPBGS
do you know , TKAOUPBL
do you understand , TKAOUPBLD
do you think , TKAOUPBLG
do you know that , TKAOUPBLGTS
did your , TKAOUR
do you see , TKAOURZ
do you agree , TKAOURG
do you recall , TKAOURL
do you recall the , TKAOURLT
do you recall , TKAOURLG
do you recall that , TKAOURLGTS
do you recollect , TKAOURBG
do you recognize , TKAOURBGZ
do you recognize , TKAOURBGSZ
do you recollect , TKAOURBGT
do you believe , TKAOURBL
do you remember , TKAOURPL
Do you recall , TKAOURPLT
do you know , TKAOURPB
do you understand , TKAOURPBD
do you think , TKAOURPBG
do you recall , TKAOURPBL
do you do , TKAOURPBLGS
do you have , TKAOUF
do you see , TKAOUFZ
do you have any , TKAOUFSZ
do you feel , TKAOUFL
do you have that , TKAOUFLGTS
do you have , TKAOUFP
do you know , TKAOUFPB
do you find , TKAOUFPBD
do you ever , TKAOUFR
do you refer to , TKAOUFRT
do you recall , TKAOUFRL
do you need , TKAOUFRB
do you need to , TKAOUFRBT
Do you know , TKAOUFRPB
do you know , TKAOEUP
\do you know\dine , TKAOEUPB
do you think , TKAOEUPBGTS
do you have any idea , TKAO*FRPBD
do you see that , TKAO*UZ
do you do , TKAO*UD
do you go to , TKAO*UGT
do you see that , TKAO*ULZ
do you recognize , TKAO*UBGZ
do you mean , TKAO*UPL
do you understand that , TKAO*UPBD
do you remember , TKAO*UR
do you read , TKAO*URD
do you agree , TKAO*URG
do you recall that , TKAO*URL
do you remember that , TKAO*URLT
do you remember that , TKAO*URLTS
do you remember that , TKAO*URLGTS
do you recall , TKAO*URBL
do you recall , TKAO*URPL
do you know , TKAO*URPB
do you have , TKAO*UF
do you have an , TKAO*UFPB
do you ever , TKAO*UFR
do you recall , TKAO*UFRL
do you review , TKAO*UFRP
do you recall , TKAO*EURL
do you recall , TKRAOURL
do you recall , TKRAOURLG
do you have , TKRAOUF
Do you see , TKHAOUZ
do you think , TKHAOUPBG
do you recognize , TKHAOURBGZ
do you know the , TKW-T
do you know this , TKW-TSDZ
do you know that , TKW-LGTS
do you know why , TKW-RBG
do you know when , TKW-RP
do you know if , TKW-F
do you know what , TKW-FB
did you , TKWU
did you tell , TKWUT
did you do , TKWURPBLGS
did you have , TKWUF
do you know it , TKW*T
give you , TKW*UF
do you , TKWOU
do you want , TKWOUPT
do you think , TKWAOUPG
do you mean , TKWAOUPL
do you recall , TKWAOURL
do you have , TKWAOUF
do you feel , TKWAOUFL
do you remember , TKWAO*UR
you couldn't , TKWRU
you couldn't see , TKWRUZ
you couldn't be , TKWRUB
you couldn't even , TKWRUPB
you couldn't agree , TKWRURG
you couldn't recall , TKWRURL
you couldn't remember , TKWRURPL
you couldn't find , TKWRUFD
you couldn't have , TKWR*UF
you're , TKWRAOUR
you're , TKWRAO*UR
did you , TKPU
did you tell , TKPUT
did you have , TKPUF
did you ever , TKP*UFR
do you also , TKPOULS
do you recall , TKPOURL
do you do , TKPOURPBLGS
do you have , TKPOUF
do you see , TKPAOUZ
do you believe , TKPAOUBL
do you mean , TKPAOUPL
do you know , TKPAOUPB
do you think , TKPAOUPBG
do you recall , TKPAOURL
do you have , TKPAOUF
do you remember , TKPAO*UR
did you review , TKPH*UFRP
did you observe , TKPHR*UFRB
did you review , TKPHR*UFRP
but you would , TKPWULD
give you , TKPW*UF
"{,?}but you can answer ", TKPWA*RPBZ
give you a , TKPWA*UF
gave you , TKPWA*EFR
do you recall , TKPWAOURL
Do you have , TKPWAOUF
you're , TKPWRAO*UR
but you're , TKPWHR-FRD
but you'll , TKPWHR-FRLD
"{,?}but you ", TKPWHRU
but you see , TKPWHRUZ
"{,?}but you had ", TKPWHRUD
but you say , TKPWHRUS
but you got , TKPWHRUGD
but you will , TKPWHRUL
but you would , TKPWHRULD
but you also , TKPWHRULS
but you thought , TKPWHRULGT
"{,?}but you can ", TKPWHRUBG
but you can see , TKPWHRUBGZ
but you could , TKPWHRUBGD
but you believe , TKPWHRUBL
but you cannot , TKPWHRUBLG
but you said , TKPWHRUPD
but you want , TKPWHRUPT
but you wanted , TKPWHRUPTD
"but, you know{,} ", TKPWHRUPB
but you understand , TKPWHRUPBD
but you think , TKPWHRUPBG
but you are , TKPWHRUR
but you agree , TKPWHRURG
but you recall , TKPWHRURL
but you should , TKPWHRURBD
but you were , TKPWHRURP
but you did , TKPWHRURPLS
but you did not , TKPWHRURPLSZ
but you do , TKPWHRURPBLGS
but you did not , TKPWHRURPBLGSZ
"{,?}but you have ", TKPWHRUF
but you saw , TKPWHRUFZ
but you feel , TKPWHRUFL
but you felt , TKPWHRUFLT
but you haven't , TKPWHRUFPBT
but you went , TKPWHRUFRG
"{,?}but you need ", TKPWHRUFRB
but your , TKPWHR*RBG
but you wouldn't , TKPWHR*ULTD
but you received , TKPWHR*UBZ
"{,?}but you can answer ", TKPWHR*UBGZ
but you couldn't , TKPWHR*UBGTD
"{,?}but you just ", TKPWHR*UPBLG
but you remember , TKPWHR*UR
but you can answer , TKPWHR*URBGZ
but you weren't , TKPWHR*URPT
but you didn't , TKPWHR*URPLS
but you don't , TKPWHR*URPBLGSZ
but you knew , TKPWHR*UFPB
but you never , TKPWHR*UFRPB
but you can answer , TKPWHRA*PBZ
but your , TKPWHRAOUR
but your , TKPWHRAO*UR
as you're , S-FRD
is you , SU
as you see , SUZ
as you say , SUS
as you sit , SUT
as you sit here today , SUTD
as you go , SUG
as you got , SUGD
as you can see , SUBGZ
as you recall , SURL
as you saw , SUFZ
as you find , SUFPBD
so you went , SUFRGT
as you , S*U
as you see , S*UZ
as you sit here , S*UT
as you sit here , S*UTD
as you go , S*UG
as you would , S*ULD
as you can see , S*UBGZ
as you said , S*UPD
as you want , S*UPT
as you must , S*UPLS
as you understand , S*UPBD
as you just , S*UPBLG
as you wish , S*URB
as you were , S*URP
is you weren't , S*URPT
as you remember , S*URPL
as you did , S*URPLS
as you understand , S*URPBD
as you went , S*UFRG
so you , SOU
so you see , SOUZ
so you had , SOUD
so you say , SOUS
so you go , SOUG
so you got , SOUGD
so you get , SOUGT
so you will see , SOULZ
so you would , SOULD
so you thought , SOULGT
so you receive , SOUBZ
so you can , SOUBG
so you can see , SOUBGZ
so you could , SOUBGD
so you can see , SOUBGSZ
so you believe , SOUBL
so you believed , SOUBLD
so you cannot , SOUBLG
so you said , SOUPD
so you want , SOUPT
so you wanted , SOUPTD
so you said , SOUPLD
so you know , SOUPB
so you think , SOUPBG
so you think , SOUPBLG
so you agree , SOURG
so you recall , SOURL
so you should , SOURBD
so you worked , SOURBGD
so you were , SOURP
So you were , SOURPL
so you did , SOURPLS
so you did not , SOURPLSZ
so you weren't , SOURPBT
so you do , SOURPBLGS
so you have , SOUF
so you saw , SOUFZ
so you feel , SOUFL
so you felt , SOUFLT
so you hadn't , SOUFPTD
so you haven't , SOUFPBT
so you first , SOUFRS
so you went , SOUFRG
so you need , SOUFRB
so you need to , SOUFRBT
so you were , SOUFRP
so you wouldn't , SO*ULTD
so you can't , SO*UBGT
so you couldn't , SO*UBGTD
so you must , SO*UPLS
so you understand , SO*UPBD
so you mentioned , SO*UPBGS
so you just , SO*UPBLG
so you remember , SO*UR
so you really , SO*URL
so you weren't , SO*URPT
so you didn't , SO*URPLS
so you did not , SO*URPLSZ
so you knew , SO*UFPB
so you found , SO*UFPBD
so you reviewed , SO*UFRPD
so you never , SO*UFRPB
as you know , SA*UPB
as you know , SAOUPB
is your , SAOUR
so you understand , SAOURPBDZ
as your , SAO*URZ
as you've , SAO*UF
have you , SRU
have you seen , SRUZ
have you had , SRUD
Have you had , SRUDZ
have you had , SRUTD
have you gone , SRUG
have you got , SRUGD
have you , SRUL
have you had , SRULD
have you also , SRULS
have you thought , SRULGT
have you been , SRUB
have you been , SRUBG
have you , SRUP
have you said , SRUPD
have you not , SRUPBT
have you worked , SRURBGD
have you seen , SRUFZ
have you seen , SRUFSZ
have you felt , SRUFLT
have you ever , SRUFR
have you understood , SRUFRD
have you ever been , SRUFRB
have you understood , SRUFRPD
have you received , SR*UBZ
have you ever , SR*UR
have you ever seen , SR*URZ
have you read , SR*URD
have you ever , SR*UF
have you seen , SR*UFZ
have you ever had , SR*UFD
have you seen , SR*UFDZ
have you seen , SR*UFSZ
have you lived , SR*UFLD
have you ever been , SR*UFB
have you ever , SR*UFR
have you ever seen , SR*UFRZ
have you ever had , SR*UFRD
have you ever seen , SR*UFRSZ
have you ever had , SR*UFRTD
have you ever gone , SR*UFRG
have you ever been , SR*UFRB
have you ever been seen , SR*UFRBZ
have you ever observed , SR*UFRBD
have you ever worked , SR*UFRBGD
have you ever been , SR*UFRBL
have you reviewed , SR*UFRPD
have you found , SR*UFRPBD
have you received , SR*EBZ
Have you ever been , SRO*UFRB
have you , SRAU
have you had , SRAUD
have you ever been , SRA*URB
have you ever seen , SRA*UFRZ
have you ever had , SRA*UFRD
have you ever been , SRA*UFRB
have you reviewed , SRAO*UFRPD
should you , SHU
should you be , SHUB
should you have , SHUF
your husband's , SH*UZ
your husband , SH*US
your husband's , SH*USZ
show you , SHO*U
your house , SHO*US
have you , SHRU
have you had , SHRUD
have you seen , SHR*UFZ
have you ever , SHR*UFR
have you ever had , SHR*UFRD
your wife , SWAO*EUF
your wife's , SWAO*EUFZ
your wife's , SWAO*EUFS
what you , SWHAU
spell your name , SPURPBL
have you ever , SPR*UFR
have you ever seen , SPR*UFRZ
have you ever had , SPR*UFRD
some of you , SPHUF
your mom's , SPHO*PLS
your mother , SPHO*ERT
into your , SPWAO*RBG
ask you , SKU
ask you this , SKUTDZ
ask you this , SKUTSDZ
asking you , SKUG
ask you that , SKULGTS
your counsel , SKO*UPBL
which you , SKHU
how you did , SKHOURPLS
let me ask you this , SKHREUS
and you , SKWU
and you see , SKWUZ
and you had , SKWUD
and you say , SKWUS
and you go , SKWUG
and you got , SKWUGD
and you get , SKWUGT
and you will , SKWUL
and you would , SKWULD
and you also , SKWULS
and you thought , SKWULGT
and you can , SKWUBG
and you could , SKWUBGD
and you believe , SKWUBL
and you believed , SKWUBLD
and you said , SKWUPD
and you want , SKWUPT
and you wanted , SKWUPTD
and you know , SKWUPB
and you understand , SKWUPBD
and you think , SKWUPBG
and you are , SKWUR
and you did , SKWURLS
and you should , SKWURBD
and you were , SKWURP
and you did , SKWURPLS
and you did not , SKWURPLSZ
and you do , SKWURPBLGS
and you do not , SKWURPBLGSZ
and you have , SKWUF
and you saw , SKWUFZ
and you feel , SKWUFL
and you received , SKWUFBZ
and you hadn't , SKWUFPT
and you haven't , SKWUFPBT
and you went , SKWUFRG
and you need , SKWUFRB
and you went , SKWUFRPBG
and your , SKW*RBG
and you just , SKW*UPBLG
and you were , SKW*URP
and you didn't , SKW*URPLS
and you don't , SKW*URPBLGS
and you knew , SKW*UFPB
and your , SKWAOUR
and you , SKWRU
you didn't , SKWREU
you didn't see , SKWREUZ
you didn't say , SKWREUS
you didn't tell , SKWREUT
you didn't go , SKWREUG
you didn't get , SKWREUGT
you didn't receive , SKWREUBZ
you didn't believe , SKWREUBL
you didn't believe so , SKWREUBLS
you didn't speak , SKWREUPS
you didn't want , SKWREUPT
you didn't know , SKWREUPB
you didn't understand , SKWREUPBD
you didn't think , SKWREUPBG
you didn't recall , SKWREURL
you didn't do , SKWREURPLS
you didn't do , SKWREURPBGS
you didn't do , SKWREURPBLGS
you didn't do , SKWREURPBLGTS
you didn't have , SKWREUF
you didn't feel , SKWREUFL
you didn't have , SKWREUFP
you didn't feel , SKWREUFPL
you didn't find , SKWREUFPBD
you didn't need , SKWREUFRB
you didn't need to , SKWREUFRBT
you didn't review , SKWREUFRP
and you knew , SKWR*UFPB
you didn't say , SKWR*EUS
you didn't go to , SKWR*EUGT
you didn't remember , SKWR*EUR
you didn't really see , SKWR*EURLZ
you didn't have , SKWR*EUF
you didn't ever , SKWR*EUFR
you didn't review , SKWR*EUFRP
you don't , SKWROE
you don't see , SKWROEZ
you don't say , SKWROES
you don't tell , SKWROET
you don't go , SKWROEG
you don't get , SKWROEGD
you don't guess , SKWROEGS
you don't get , SKWROEGT
you don't get , SKWROEGTD
you don't know , SKWROEB
you don't believe , SKWROEBL
you don't believe so , SKWROEBLS
you don't want , SKWROEPT
you don't mean , SKWROEPL
you don't know , SKWROEPB
you don't answer , SKWROEPBZ
you don't understand , SKWROEPBD
you don't think , SKWROEPBG
you don't think so , SKWROEPBGS
you don't know , SKWROEPBL
you don't remember , SKWROER
you don't agree , SKWROERG
you don't recall , SKWROERL
you don't recall , SKWROERLT
you don't recall , SKWROERLTD
you don't need , SKWROERB
you don't work , SKWROERBG
you don't recognize , SKWROERBGZ
you don't recollect , SKWROERBGT
you don't recall , SKWROERPL
you don't know , SKWROERPB
you don't understand , SKWROERPBD
you don't do , SKWROERPBLS
you don't do , SKWROERPBLGS
you don't have , SKWROEF
you don't have , SKWROEFD
you don't have the , SKWROEFT
you don't feel , SKWROEFL
you don't need , SKWROEFB
you don't know , SKWROEFPB
you don't have , SKWROEFR
you don't need , SKWROEFRB
you don't need to , SKWROEFRBT
you don't know , SKWROEFRPB
you don't recall , SKWROEURL
you don't have , SKWROEUF
you don't see , SKWRO*ESZ
you don't mean , SKWRO*EPL
you don't remember , SKWRO*ER
you don't agree , SKWRO*ERG
you don't really , SKWRO*ERL
you don't have , SKWRO*EF
you don't have an , SKWRO*EFPB
you don't find , SKWRO*EFPBD
you didn't have to , SKWRO*EUFT
you didn't have to be , SKWRO*EUFB
you can't , SKWRA
you can't see , SKWRAZ
you can't say , SKWRAS
you can't tell , SKWRAT
you can't tell , SKWRATD
you can't tell us , SKWRATS
you can't go , SKWRAG
you can't get , SKWRAGT
you can't be , SKWRAB
you can't believe , SKWRABL
you can't understand , SKWRAPBD
you can't answer , SKWRAPBS
you can't think , SKWRAPBG
you can't recall , SKWRARL
you can't do , SKWRARPBLGS
you can't do , SKWRARPBLGTS
you can't have , SKWRAF
you can't tell me , SKWRA*T
you can't remember , SKWRA*R
you can't really , SKWRA*RL
you're , SKWRAOUR
you don't have , SKWRAOEF
you're , SKWRAO*UR
and when you were , SKWHURP
you didn't , SKWHREU
you didn't know , SKWHREUPB
you don't know , SKWHROEPB
You don't have , SKWHROEF
you don't have , SKWHROEFR
and you're , SKP-FRD
and you'll , SKP-FRLD
\and you\you and , SKPU
and you see , SKPUZ
and you had , SKPUD
and you say , SKPUS
and you see , SKPUSZ
and you get , SKPUG
and you got , SKPUGD
and you get , SKPUGT
and you will , SKPUL
and you will see , SKPULZ
and you would , SKPULD
and you also , SKPULS
and you thought , SKPULGT
and you receive , SKPUBZ
and you can , SKPUBG
and you can see , SKPUBGZ
and you could , SKPUBGD
and you could see , SKPUBGDZ
and you believe , SKPUBL
And you believed , SKPUBLD
and you said , SKPUPD
and you want , SKPUPT
and you wanted , SKPUPTD
and you would , SKPUPLD
and you must , SKPUPLS
and you know , SKPUPB
and you understand , SKPUPBD
and you think , SKPUPBG
and you understand , SKPUPBLD
and you are , SKPUR
and you are the , SKPURT
and you agree , SKPURG
and you recall , SKPURL
and you should , SKPURBD
and you recollect , SKPURBG
and you recognize , SKPURBGZ
and you worked , SKPURBGD
and you should , SKPURBLD
and you were , SKPURP
and you were the , SKPURPT
and you did , SKPURPLS
and you did not , SKPURPLSZ
and you did not , SKPURPLGSZ
and you weren't , SKPURPBT
and you do , SKPURPBLGS
and you do not , SKPURPBLGSZ
and you have , SKPUF
and you saw , SKPUFZ
and you have had , SKPUFD
and you testified , SKPUFTD
and you feel , SKPUFL
and you felt , SKPUFLT
and you have been , SKPUFB
and you believe , SKPUFBL
and you hadn't , SKPUFPT
and you haven't , SKPUFPBT
and you went , SKPUFRG
and you went to , SKPUFRGT
and you need , SKPUFRB
and you needed , SKPUFRBD
and you need to , SKPUFRBT
and you understood , SKPUFRPL
and you haven't , SKPUFRPBT
and your , SKP*RBG
and you say , SKP*US
and you go to the , SKP*UGTD
and you wouldn't , SKP*ULTD
and you received , SKP*UBZ
and you couldn't , SKP*UBGTD
and you must , SKP*UPLS
and you just , SKP*UPBLG
and you remember , SKP*UR
and you agree , SKP*URG
and you shouldn't , SKP*URBTD
and you weren't , SKP*URPT
and you didn't , SKP*URPLS
and you don't , SKP*URPBLGS
and you do not , SKP*URPBLGSZ
and you knew , SKP*UFPB
and you found , SKP*UFPBD
and you observed , SKP*UFRBD
and you reviewed , SKP*UFRPD
and you never , SKP*UFRPB
your company , SKPA*EPB
and you'll , SKPAOUL
and your , SKPAOUR
and you were , SKPAOURP
and you understood , SKPAOURPBDZ
and you've , SKPAO*UF
because you , SKPRU
because you had , SKPRUD
because you got , SKPRUGD
because you get , SKPRUGT
because you will , SKPRUL
because you would , SKPRULD
because you thought , SKPRULGT
because you can , SKPRUBG
because you can see , SKPRUBGZ
because you could , SKPRUBGD
because you believe , SKPRUBL
because you believed , SKPRUBLD
because you believed , SKPRUBLTD
because you cannot , SKPRUBLG
because you said , SKPRUPD
because you want , SKPRUPT
because you wanted , SKPRUPTD
because you know , SKPRUPB
because you think , SKPRUPBG
because you are , SKPRUR
and you realize , SKPRURLZ
because you should , SKPRURBD
because you worked , SKPRURBGD
because you were , SKPRURP
because you did , SKPRURPLS
because you did not , SKPRURPLSZ
because you do not , SKPRURPBLGSZ
because you have , SKPRUF
because you saw , SKPRUFZ
because you felt , SKPRUFLT
because you hadn't , SKPRUFPT
because you haven't , SKPRUFPBT
because you first , SKPRUFRS
because you went , SKPRUFRG
because you need , SKPRUFRB
because you needed , SKPRUFRBD
because your , SKPR*RBG
because you can't , SKPR*UBGT
because you couldn't , SKPR*UBGTD
and you just , SKPR*UPBLG
because you remember , SKPR*UR
because you weren't , SKPR*URPT
because you didn't , SKPR*URPLS
because you don't , SKPR*URPBLGS
because you knew , SKPR*UFPB
because you never , SKPR*UFRPB
because you're , SKPRAO*UR
and you , SKPHU
and you had , SKPHUD
and you also , SKPHULS
and you can , SKPHUBG
and you cannot , SKPHUBLG
and you should , SKPHURBD
and you were , SKPHURP
and you felt , SKPHUFLT
and you , SKPWU
And you were , SKPWURP
and you think , SKPWUFRPBG
because you're , SKPWR-FRD
because you believed , SKPWRUBLD
because you understand , SKPWRUPBD
you don't have , SKPWROEF
and you will , SKPWHUL
and when you went , SKPWHUFRG
so you , STOU
state your name , STAURP
state your name , STAURPB
state your full name , STAUFRB
state your full name , STAUFRPB
state your full name for the record , STAUFRPBD
state your name , STAEURP
state your full , STAEUFRL
state your full name , STAEUFRPB
state your full name , STA*UFRPL
state your full name , STA*EUFRPB
state your , STAOUR
to your knowledge , STAOURPBLG
state your , STAO*UR
have you , STRU
have you seen , STR*UFZ
Have you ever , STR*UFR
have you ever been , STR*UFRB
thank you , STHUPBG
your husband , STH*US
is that you , STHAU
is that you see , STHAUZ
that you had , STHAUD
so that you can see , STHAUBGZ
so that you could , STHAUBGD
that you said , STHAUPD
is that you are , STHAUR
is that you were , STHAURP
that you did , STHAURPLS
that you did not , STHAURPLSZ
is that you are not , STHAURPBT
is that you hadn't , STHAUFPT
that you received , STHA*UBZ
that you reviewed , STHA*UFRPD
so that you , STHAOU
so that you had , STHAOUD
so that you get , STHAOUGT
so that you would , STHAOULD
so that you can , STHAOUBG
so that you can see , STHAOUBGZ
so that you could , STHAOUBGD
so that you could , STHAOUBGTD
so that you know , STHAOUPB
so that you understand , STHAOUPBD
so that you do , STHAOURPBLGS
so that you have , STHAOUF
so that you wouldn't , STHAO*ULTD
so that you can't , STHAO*UBGT
have you ever seen , STHR*UFRZ
so that you can , STHRAOUBG
after you , STPU
after you had , STPUD
after you got , STPUGD
after you get , STPUGT
after you thought , STPULGT
after you receive , STPUBZ
after you believe , STPUBL
after you said , STPUPD
as you understand , STPUPBD
after you were , STPURP
after you were , STPURPL
after you did , STPURPLS
after you were , STPURPB
after you have , STPUF
after you saw , STPUFZ
after you first , STPUFRS
after you went , STPUFRG
after you first , STPEUFRS
after you received , STP*BZ
after your , STP*RBG
after you received , STP*UBZ
as if you were , STP*URP
after you found , STP*UFPBD
after you reviewed , STP*UFRPD
to you , STPOU
state your full name , STPAUFRPB
"{,?}as far as you know{,?} ", STPA*UFRPBZ
your father , STPA*ERT
your father's , STPA*ERTS
after your , STPAOUR
after your , STPAO*UR
after you've , STPAO*UF
for you , STPR*U
your name , STPHA*EUPL
did you , STKU
did you get , STKUGT
did you believe , STKUBL
did you have , STKUF
do you , STKOU
do you have , STKAUF
do you know , STKAOUPB
does your , STKAOUR
do you disagree , STKAOURG
do you recall , STKAOURL
do you recognize , STKAOURBGZ
do you have , STKAOUF
your doctor , STKR*
you didn't go , STKWREUG
you don't remember , STKWROER
you don't recall , STKWROERL
you don't have , STKWROEF
and you , STKPU
but you have , STKPWHRUF
but you just , STKPWHR*UPBLG
{Q}Do you recall , STKPWHRAOURL
you would , U8D
you said , U78D
you were , UR7
you have , U6
you had , U6D
you wouldn't , *U89D
you could not , #*UBGD
"{,?}you know{,?} ", 50*U7B
would you have , W0U6
where you live , WR*U68
where do you live , WR50*U68
when you , W4U
when you were , W4UR7
were you able to , 3RUB89
when you had , 3WUD
to tell you the truth , 2*789D
to tell you the truth , 2*EU89D
to tell you the truth , 2*EU789D
to your knowledge , 20UR7B8G
that you , 245U
that you see , 245UZ
that you said , 245U78D
that you need to , 245U6RB9
that you go to , 245*UG9
did you have a , 2KU6
did you live , 2K*U6R8
did you review , 2K*U6R7
do you have a , 2K50U6
do you live , 2K50*U68
do you live , 2K50*U6R8
but you live , 2K3W4R*U68
have you had a , 1RUD
state your full name , 125U6R7B
